제목,작가,별점,조회수
"UP
블랙홀괴담",아폴로,"별점
9.63","조회수
19만"
"UP
덤덤씨 이야기",최덤덤,"별점
9.27","조회수
1.2만"
"UP
우당탕탕 콩삼이",콩삼이,"별점
9.66","조회수
15만"
"UP
진<zin>",나련수,"별점
8.44","조회수
5,819"
"UP
아빠는 N살",유영근,"별점
9.90","조회수
4,956만"
"UP
산군대잔치",다영좍가,"별점
9.87","조회수
464만"
"UP
꽈따와 구갈이",똘정 X 르지,"별점
9.61","조회수
12만"
"UP
타임머신 만들기",자드나인,"별점
9.49","조회수
3.7만"
"UP
집에서 뽀짝뽀짝",그랑,"별점
9.67","조회수
16만"
나태한 마왕은 신과 싸우기로 결심한다.,백창훈,"별점
9.87","조회수
150만"
꿈꾸는 학회의 소문,이꼬,"별점
8.07","조회수
1,603"
영오,성락,"별점
9.14","조회수
3.5만"
하임의 서재,star****,"별점
9.88","조회수
27만"
카페 타이쿤,정딱,"별점
9.67","조회수
149만"
낯가리는 관종,시논,"별점
9.82","조회수
810만"
내일은 낯선 행성을 걷는다,헌다캉,"별점
9.70","조회수
12만"
나나의 러브장,정오목,"별점
9.51","조회수
13만"
무선혜드셋 정보툰!!,무선혜드셋,"별점
9.87","조회수
135만"
다이브,your****,"별점
8.61","조회수
2.6만"
우리 아파트에 무슨 일이 있었던 걸까,reym****,"별점
9.12","조회수
20만"
행복고양이,안정원,"별점
8.79","조회수
3,679"
두 예술가들,검꼬,"별점
9.62","조회수
2.9만"
가족입니다.,오로로싸싸,"별점
9.45","조회수
286만"
"고지경, 너만 모르지",achi****,"별점
9.19","조회수
2.1만"
오디네리 피플,안카,"별점
9.51","조회수
27만"
초혼,팀 해빙,"별점
8.84","조회수
2.9만"
무림사짜,귀현,"별점
9.01","조회수
7,501"
꽃거지가 모델을 너무 잘함,모미,"별점
9.19","조회수
4.2만"
견생＆묘생,grea****,"별점
8.73","조회수
10만"
조금 수상한 연애시뮬레이션,초록이슬,"별점
9.80","조회수
12만"
